[{"idx": 1, "category": "추천명소", "name": "동대문패션파운", "location": "서울특별시 중구 을지로 6가 일대", "tel": "", "time": "", "homepage": "http://www.dft.co.kr/", "FIELD8": "", "lat": 37.5704134, "lng": 127.0082633}, {"idx": 2, "category": "추천명소", "name": "명동거리", "location": "서울특별시 중구 명동", "tel": "", "time": "", "homepage": "", "FIELD8": "", "lat": 37.55998, "lng": 126.9858296}, {"idx": 3, "category": "추천명소", "name": "덕수궁과 정동", "location": "서울특별시 중구 세종대로 99", "tel": "", "time": "", "homepage": "http://www.deoksugung.go.kr/", "FIELD8": "", "lat": 37.5658705, "lng": 126.9750079}, {"idx": 4, "category": "추천명소", "name": "남산공원", "location": "서울시 중구 삼일대로 231", "tel": "", "time": "", "homepage": "http://parks.seoul.go.kr/template/sub/namsan.do", "FIELD8": "", "lat": 37.5555891, "lng": 126.9922104}, {"idx": 5, "category": "추천명소", "name": "N서울타워", "location": "서울시 용산구 남산공월길 105 N서울타워", "tel": "", "time": "", "homepage": "http://nseoultower.com", "FIELD8": "", "lat": 37.5511694, "lng": 126.9882266}, {"idx": 6, "category": "추천명소", "name": "한양도성", "location": "서울특별시 중구 광희동2가 105", "tel": "", "time": "", "homepage": "http://seoulcitywall.seoul.go.kr/", "FIELD8": "", "lat": 37.5642575, "lng": 127.0097165}, {"idx": 7, "category": "추천명소", "name": "동대문역사문화공원", "location": "서울특별시 중구 을지로 281", "tel": "", "time": "", "homepage": "http://ddp.or.kr/", "FIELD8": "", "lat": 37.5667521, "lng": 127.0101046}, {"idx": 8, "category": "추천명소", "name": "청계천", "location": "서울특별시 중구 태평로 1가~성동구신답철교", "tel": "", "time": "", "homepage": "http://sisul.or.kr/open_content/cheonggye/", "FIELD8": "", "lat": 37.5722019, "lng": 127.0416576}, {"idx": 9, "category": "추천명소", "name": "남산골 한옥마을", "location": "서울시 중구 퇴계로34길 28", "tel": "", "time": "", "homepage": "https:/.hanokmaeul.or.kr/", "FIELD8": "", "lat": 37.5588388, "lng": 126.9940727}, {"idx": 10, "category": "추천명소", "name": "서울광장", "location": "서울시 중구 세종대로 110", "tel": "", "time": "", "homepage": "http://plaza.seoul.go.kr/", "FIELD8": "", "lat": 37.5663797, "lng": 126.9777154}, {"idx": 11, "category": "추천명소", "name": "남대문시장", "location": "서울특별시 중구 남대문시장4길 21", "tel": "", "time": "", "homepage": "http://namdaemunmarket.co.kr/", "FIELD8": "", "lat": 37.55914730000001, "lng": 126.977641}, {"idx": 12, "category": "역사유적지/관광지", "name": "N서울타워", "location": "서울특별시 용산구 남산공원길 105 ", "tel": "02-3455-9277", "time": "{'월': '10002300', '화': '10002300', '수': '10002300', '목': '10002300', '금': '10002300', '토': '10002400', '일': '10002300'}", "homepage": "http://www.nseoultower.co.kr", "FIELD8": "", "lat": 37.5509473, "lng": 126.9892965}, {"idx": 13, "category": "역사유적지/관광지", "name": "광희문", "location": "서울특별시 중구 광희동2가 105", "tel": "02-3396-5882", "time": "", "homepage": "", "FIELD8": "", "lat": 37.5642575, "lng": 127.0097165}, {"idx": 14, "category": "역사유적지/관광지", "name": "구 러시아 공사관", "location": "서울특별시 중구 정동길 21-18 ", "tel": "02-3396-5882", "time": "", "homepage": "", "FIELD8": "", "lat": 37.5676277, "lng": 126.9714985}, {"idx": 15, "category": "역사유적지/관광지", "name": "남산골 한옥마을", "location": "서울특별시 중구 퇴계로34길 28 ", "tel": "02-2261-0500", "time": "{'월': '09002000', '화': '09002000', '수': '09002000', '목': '09002000', '금': '09002000', '토': '09002000', '일': '09002000'}", "homepage": "http://hanokmaeul.or.kr", "FIELD8": "", "lat": 37.5588388, "lng": 126.9940727}, {"idx": 16, "category": "역사유적지/관광지", "name": "덕수궁", "location": "서울특별시 중구 세종대로 99 ", "tel": "02-771-9951", "time": "{'월': '09002100', '화': '09002100', '수': '09002100', '목': '09002100', '금': '09002100', '토': '09002100', '일': '09002100}", "homepage": "http://www.deoksugung.go.kr/ ", "FIELD8": "", "lat": 37.5658705, "lng": 126.9750079}, {"idx": 17, "category": "역사유적지/관광지", "name": "덕수궁 중명전", "location": "서울특별시 중구 정동길 41-11", "tel": "02-732-7525", "time": "{'월': '09002100', '화': '09002100', '수': '09002100', '목': '09002100', '금': '09002100', '토': '09002100', '일': '09002100'}", "homepage": "http://www.deoksugung.go.kr", "FIELD8": "", "lat": 37.5666833, "lng": 126.9725246}, {"idx": 18, "category": "역사유적지/관광지", "name": "동대문패션타운", "location": "서울특별시 중구 장충단로 275 일대", "tel": "02-2278-0500", "time": "", "homepage": "http://www.dft.co.kr", "FIELD8": "", "lat": 37.5689316, "lng": 127.0087977}, {"idx": 19, "category": "역사유적지/관광지", "name": "명동거리", "location": "서울특별시 중구 명동", "tel": "02-778-0333", "time": "", "homepage": "http://www.myungdong.net/", "FIELD8": "", "lat": 37.55998, "lng": 126.9858296}, {"idx": 20, "category": "역사유적지/관광지", "name": "서울광장", "location": "서울특별시 중구 세종대로 110 ", "tel": "02-735-8688", "time": "", "homepage": "http://plaza.seoul.go.kr", "FIELD8": "", "lat": 37.5663797, "lng": 126.9777154}, {"idx": 21, "category": "역사유적지/관광지", "name": "숭례문", "location": "서울특별시 중구 세종대로 40 ", "tel": "02-779-8547", "time": "{'월': '09001800', '화': '09001800', '수': '09001800', '목': '09001800', '금': '09001800', '토': '09001800', '일': '09001800'}", "homepage": "", "FIELD8": "", "lat": 37.55994159999999, "lng": 126.9753042}, {"idx": 22, "category": "역사유적지/관광지", "name": "약현성당", "location": "서울특별시 중구 청파로 447-1 ", "tel": "02-362-1891", "time": "", "homepage": "http://www.yakhyeon.or.kr", "FIELD8": "", "lat": 37.5589521, "lng": 126.9670169}, {"idx": 23, "category": "역사유적지/관광지", "name": "정동제일교회", "location": "서울특별시 중구 정동길 46 ", "tel": "02-753-0001", "time": "", "homepage": "chungdong.org", "FIELD8": "", "lat": 37.5652468, "lng": 126.97249}, {"idx": 24, "category": "역사유적지/관광지", "name": "청계천", "location": "서울특별시 중구 태평로1가 ~성동구 신답철교", "tel": "02-2290-6803", "time": "", "homepage": "http://www.cheonggyecheon.or.kr", "FIELD8": "", "lat": 37.5722019, "lng": 127.0416576}, {"idx": 25, "category": "역사유적지/관광지", "name": "한양도성", "location": "서울특별시 중구 장충동 2가", "tel": "02-2148-1864", "time": "", "homepage": "http://seoulcitywall.seoul.go.kr", "FIELD8": "", "lat": 37.5553677, "lng": 127.0021234}, {"idx": 26, "category": "역사유적지/관광지", "name": "환구단", "location": "서울특별시 중구 소공로 106", "tel": "02-3396-5882", "time": "", "homepage": "", "FIELD8": "", "lat": 37.5644064, "lng": 126.9796971}, {"idx": 27, "category": "공연장", "name": "국립극장", "location": "서울특별시 중구 장충단로 59", "tel": "02-2280-4114", "time": "", "homepage": "http://www.ntok.go.kr/", "FIELD8": "", "lat": 37.5528597, "lng": 126.9998129}, {"idx": 28, "category": "공연장", "name": "남산예술센터", "location": "서울특별시 중구 소파로 138", "tel": "02-758-2150", "time": "", "homepage": "http://www.nsartscenter.or.kr", "FIELD8": "", "lat": 37.5589457, "lng": 126.988437}, {"idx": 29, "category": "공연장", "name": "명동난타전용관", "location": "서울특별시 중구 명동길 26 유네스코빌딩 3층", "tel": "02-739-8288", "time": "", "homepage": "http://www.nanta.co.kr/ ", "FIELD8": "", "lat": 37.5634096, "lng": 126.9837369}, {"idx": 30, "category": "공연장", "name": "명동성당 꼬스트홀", "location": "서울특별시 중구 명동길 74 ", "tel": "02-7741-784", "time": "", "homepage": "www.mdsd.or.kr", "FIELD8": "", "lat": 37.5632533, "lng": 126.9868325}, {"idx": 31, "category": "공연장", "name": "명동예술극장", "location": "서울특별시 중구 명동길 35", "tel": "1644-2003", "time": "", "homepage": "http://www.mdtheater.or.kr", "FIELD8": "", "lat": 37.563999, "lng": 126.9841738}, {"idx": 32, "category": "공연장", "name": "명보아트홀", "location": "서울특별시 중구 마른내로 47", "tel": "02-2274-2121", "time": "", "homepage": "", "FIELD8": "", "lat": 37.5646969, "lng": 126.9931733}, {"idx": 33, "category": "공연장", "name": "문화일보홀", "location": "서울특별시 중구 새문안로 22", "tel": "02-3701-5754", "time": "", "homepage": "hall.munhwa.com", "FIELD8": "", "lat": 37.5670828, "lng": 126.9686365}, {"idx": 34, "category": "공연장", "name": "삼일로창고극장", "location": "서울특별시 중구 삼일대로9길 12", "tel": "02-319-8020", "time": "", "homepage": "http://cafe.naver.com/samilro/", "FIELD8": "", "lat": 37.5634334, "lng": 126.9879711}, {"idx": 35, "category": "공연장", "name": "서울남산국악당", "location": "서울특별시 중구 퇴계로34길 28", "tel": "02-2261-0501", "time": "", "homepage": "http://www.hanokmaeul.or.kr/", "FIELD8": "", "lat": 37.5588388, "lng": 126.9940727}, {"idx": 36, "category": "공연장", "name": "서울패션아트홀", "location": "서울특별시 중구 마장로 22", "tel": "02-3670-4567", "time": "", "homepage": "", "FIELD8": "", "lat": 37.5669375, "lng": 127.0120174}, {"idx": 37, "category": "공연장", "name": "여해문화공간", "location": "서울특별시 중구 장충단로 204", "tel": "", "time": "", "homepage": "", "FIELD8": "", "lat": 37.5631723, "lng": 127.0073131}, {"idx": 38, "category": "공연장", "name": "정동극장", "location": "서울특별시 중구 정동길 43", "tel": "02-751-1500", "time": "", "homepage": "http://www.jeongdong.or.kr ", "FIELD8": "", "lat": 37.5659672, "lng": 126.9728593}, {"idx": 39, "category": "공연장", "name": "충무아트홀", "location": "서울특별시 중구 퇴계로 387", "tel": "02-2230-6601", "time": "", "homepage": "http://www.cmah.or.kr", "FIELD8": "", "lat": 37.5660139, "lng": 127.0148131}, {"idx": 40, "category": "공연장", "name": "코쿤홀", "location": "서울 중구 퇴계로30길 15-1", "tel": "02-2276-2400", "time": "", "homepage": "http://cocoonhall.com/", "FIELD8": "", "lat": 37.5602981, "lng": 126.9921221}, {"idx": 41, "category": "공연장", "name": "한국의집", "location": "서울특별시 중구 퇴계로36길 10", "tel": "02-2266-9101", "time": "", "homepage": "www.koreahouse.or.kr/", "FIELD8": "", "lat": 37.5601211, "lng": 126.9943973}, {"idx": 42, "category": "공연장", "name": "해치홀", "location": "서울특별시 중구 명동8길 27 M플라자 5층", "tel": "02-3789-7962", "time": "", "homepage": "http://seoulculturalcenter.com/ ", "FIELD8": "", "lat": 37.5625076, "lng": 126.9850801}, {"idx": 43, "category": "자연/체험", "name": "광희동 중앙아시아거리", "location": "서울특별시 중구 마른내로 159-21 일대", "tel": "", "time": "", "homepage": "", "FIELD8": "", "lat": 37.5651085, "lng": 127.0057956}, {"idx": 44, "category": "자연/체험", "name": "남산 케이블카", "location": "서울특별시 중구 소파로 83 ", "tel": "02-753-2403", "time": "", "homepage": "http://www.cablecar.co.kr", "FIELD8": "", "lat": 37.5565908, "lng": 126.9839744}, {"idx": 45, "category": "자연/체험", "name": "남산공원", "location": "서울특별시 중구 삼일대로 231", "tel": "02-3783-5900", "time": "", "homepage": "http://parks.seoul.go.kr/template/default.jsp?park_id=namsan", "FIELD8": "", "lat": 37.5555891, "lng": 126.9922104}, {"idx": 46, "category": "자연/체험", "name": "덕수궁 돌담길", "location": "서울 중구 정동 덕수궁 정문~경향신문사", "tel": "", "time": "", "homepage": "", "FIELD8": "", "lat": 37.5658049, "lng": 126.9751461}, {"idx": 47, "category": "자연/체험", "name": "동대문디자인플라자", "location": "서울특별시 중구 을지로 281 ", "tel": "02-2153-0510", "time": "", "homepage": "http://www.ddp.or.kr", "FIELD8": "", "lat": 37.5667521, "lng": 127.0101046}, {"idx": 48, "category": "자연/체험", "name": "서소문역사공원", "location": "서울특별시 중구 칠패로 5 ", "tel": "02-3396-5895", "time": "", "homepage": "", "FIELD8": "", "lat": 37.5606422, "lng": 126.9690479}, {"idx": 49, "category": "자연/체험", "name": "장충단 공원", "location": "서울특별시 중구 동호로 261 ", "tel": "", "time": "", "homepage": "", "FIELD8": "", "lat": 37.5587439, "lng": 127.0047721}, {"idx": 50, "category": "자연/체험", "name": "청계천 헌책방거리", "location": "서울특별시 중구 청계천로 274 일대", "tel": "", "time": "", "homepage": "http://heonchekbang.mobilefarms.com/", "FIELD8": "", "lat": 37.569388, "lng": 127.0079981}, {"idx": 51, "category": "자연/체험", "name": "한국의 집 전통문화체험", "location": "서울특별시 중구 퇴계로36길 10", "tel": "02-2270-1125", "time": "{'월': '18302130', '화': '18302130', '수': '18302130', '목': '18302130', '금': '18302130', '토': '18302130', '일': '18302130'}", "homepage": "http://www.koreahouse.or.kr", "FIELD8": "", "lat": 37.5601211, "lng": 126.9943973}, {"idx": 52, "category": "자연/체험", "name": "해치홀", "location": "서울특별시 중구 명동8길 27 M플라자 5층", "tel": "02-3789-7962", "time": "", "homepage": "http://seoulculturalcenter.com/", "FIELD8": "", "lat": 37.5625076, "lng": 126.9850801}, {"idx": 53, "category": "자연/체험", "name": "한빛미디어파크 문화공원", "location": "서울특별시 중구 삼각동 7-1", "tel": "", "time": "", "homepage": "", "FIELD8": "", "lat": 37.5680845, "lng": 126.9855514}, {"idx": 54, "category": "자연/체험", "name": "훈련원 공원", "location": "서울특별시 중구 을지로 227", "tel": "02-2268-5810", "time": "", "homepage": "", "FIELD8": "", "lat": 37.5672983, "lng": 127.0037006}, {"idx": 55, "category": "박물관/전시장", "name": "고당기념관", "location": "서울특별시 중구 수표로 48-2", "tel": "02-2265-0220", "time": "{'월': '09301730', '화': '09301730', '수': '09301730', '목': '09301730', '금': '09301730', '토': '09301730', '일': '09301730'}", "homepage": "http://godang.kr/", "FIELD8": "", "lat": 37.56541929999999, "lng": 126.9900813}, {"idx": 56, "category": "박물관/전시장", "name": "구세군 역사박물관", "location": "서울시 중구 덕수궁길 130 구세군중앙회관", "tel": "02-6364-4086", "time": "{'월': '10001600', '화': '10001600', '수': '10001600', '목': '10001600', '금': '10001600', '토': '10001600', '일': '10001600'}", "homepage": "http://museum.sarmy.or.kr/", "FIELD8": "", "lat": 37.56789810000001, "lng": 126.9738946}, {"idx": 57, "category": "박물관/전시장", "name": "국립극장 공연예술 박물관", "location": "서울시 중구 장충단로 59 국립극장", "tel": "02-2280-5802", "time": "{'화': '10001800', '수': '10001800', '목': '10001800', '금': '10001800', '토': '10001800', '일': '10001800'}", "homepage": "museum.ntok.go.kr", "FIELD8": "", "lat": 37.5525561, "lng": 126.9996092}, {"idx": 58, "category": "박물관/전시장", "name": "그레뱅 뮤지엄", "location": "서울특별시 중구 을지로 23", "tel": "02-777-4700", "time": "{'월': '10001900', '화': '10001900', '수': '10001900', '목': '10001900', '금': '10002100', '토': '10002100', '일': '10001900'}", "homepage": "http://www.grevin-seoul.com", "FIELD8": "", "lat": 37.5662404, "lng": 126.9803626}, {"idx": 59, "category": "박물관/전시장", "name": "농업박물관", "location": "서울특별시 중구 새문안로 16 농협중앙회 내", "tel": "02-2080-5727", "time": "{'화': '09301800', '수': '10002100', '목': '09301800', '금': '09301800', '토': '10002100', '일': '09301800'}", "homepage": "http://agrimuseum.or.kr", "FIELD8": "", "lat": 37.5664503, "lng": 126.9685534}, {"idx": 60, "category": "박물관/전시장", "name": "덕수궁 미술관", "location": "서울특별시 중구 세종대로 99", "tel": "02-2022-0600", "time": "{'화': '10001900', '수': '09301800', '목': '10001900', '금': '10001900', '토': '09301800', '일': '10001900'}", "homepage": "http://www.mmca.go.kr", "FIELD8": "", "lat": 37.5658705, "lng": 126.9750079}, {"idx": 61, "category": "박물관/전시장", "name": "동국대학교 박물관", "location": "서울특별시 중구 필동로1길 30", "tel": "02-2260-3722", "time": "{'월': '10001600', '화': '10001600', '수': '10001600', '목': '10001600', '금': '10001600'}", "homepage": "http://www.dgumuseum.dongguk.ac.kr", "FIELD8": "", "lat": 37.5585916, "lng": 126.9997567}, {"idx": 62, "category": "박물관/전시장", "name": "문화역 서울 284", "location": "서울특별시 중구 통일로 1", "tel": "02-3407-3500", "time": "{'월': '10001900', '화': '10001900', '수': '10001900', '목': '10001900', '금': '10001900'}", "homepage": "www.seoul284.org/ ", "FIELD8": "", "lat": 37.5560186, "lng": 126.9721029}, {"idx": 63, "category": "박물관/전시장", "name": "배재학당 역사박물관", "location": "서울특별시 중구 퇴계로36길 10", "tel": "02-319-5578", "time": "{'월': '10001700', '화': '10001700', '수': '10001700', '목': '10001700', '금': '10001700', '토': '10001700', '일': '10001700'}", "homepage": "http://appenzeller.pcu.ac.kr", "FIELD8": "", "lat": 37.5601211, "lng": 126.9943973}, {"idx": 64, "category": "박물관/전시장", "name": "샬트르성바오로수녀회 역사박물관", "location": "서울시 중구 명동길 74-2 샬트르성바오로수녀회", "tel": "02-3706-3255", "time": "{'월': '10001630', '화': '10001630', '수': '10001630', '목': '10001630', '금': '10001630', '토': '10001630', '일': '10001630'}", "homepage": "http://www.spcseoul.or.kr/contents/sub3_1.asp", "FIELD8": "", "lat": 37.5623411, "lng": 126.9880242}, {"idx": 65, "category": "박물관/전시장", "name": "서울시립미술관", "location": "서울특별시 중구 덕수궁길 61", "tel": "02-2124-8800", "time": "", "homepage": "", "FIELD8": "", "lat": 37.5642629, "lng": 126.9746757}, {"idx": 66, "category": "박물관/전시장", "name": "손기정기념관", "location": "서울특별시 중구 손기정로 101", "tel": "02-364-1936", "time": "{'월': '10001700', '화': '10001700', '수': '10001700', '목': '10001700', '금': '10001700', '토': '10001700', '일': '10001700'}", "homepage": "www.sonkeechung.com ", "FIELD8": "", "lat": 37.5556652, "lng": 126.9645497}, {"idx": 67, "category": "박물관/전시장", "name": "안중근의사 기념관", "location": "서울특별시 중구 소월로 91", "tel": "02-3789-1016", "time": "{'월': '10001800', '화': '10001800', '수': '10001800', '목': '10001800', '금': '10001800', '토': '10001800', '일': '10001800'}", "homepage": "www.ahnjunggeun.or.kr", "FIELD8": "", "lat": 37.55384069999999, "lng": 126.9805067}, {"idx": 68, "category": "박물관/전시장", "name": "애니메이션 센터", "location": "서울특별시 중구 소파로 126", "tel": "02-3455-8341", "time": "{'화': '10001800', '수': '10001800', '목': '10001800', '금': '10001800', '토': '10001800', '일': '10001800'}", "homepage": "http://www.ani.seoul.kr", "FIELD8": "", "lat": 37.5583238, "lng": 126.9879994}, {"idx": 69, "category": "박물관/전시장", "name": "영락교회 50주년 기념관", "location": "서울특별시 중구 수표로 33", "tel": "02-2273-6301", "time": "", "homepage": "", "FIELD8": "", "lat": 37.5633291, "lng": 126.9889538}, {"idx": 70, "category": "박물관/전시장", "name": "우리은행 은행사 박물관", "location": "서울특별시 중구 소공로 51 ", "tel": "02-2002-5098", "time": "{'월': '10001800', '화': '10001800', '수': '10001800', '목': '10001800', '금': '10001800', '토': '10001800', '일': '10001800'}", "homepage": "http://www.woorimuseum.com", "FIELD8": "", "lat": 37.5594007, "lng": 126.9817325}, {"idx": 71, "category": "박물관/전시장", "name": "우표박물관", "location": "서울특별시 중구 소공로 70 서울 중앙우체국 지하 2층", "tel": "02-6450-5600", "time": "{'월': '09001800', '화': '09001800', '수': '09001800', '목': '09001800', '금': '09001800', '토': '09001800', '일': '09001800'}", "homepage": "www.kstamp.go.kr/kstampworld", "FIELD8": "", "lat": 37.5615577, "lng": 126.9821367}, {"idx": 72, "category": "박물관/전시장", "name": "유관순 기념관", "location": "서울특별시 중구 통일로4길 30-1", "tel": "02-752-3353", "time": "", "homepage": "", "FIELD8": "", "lat": 37.5649455, "lng": 126.9695624}, {"idx": 73, "category": "박물관/전시장", "name": "이순신장군생가터", "location": "서울특별시 중구 을지로18길 19", "tel": "", "time": "", "homepage": "", "FIELD8": "", "lat": 37.565562, "lng": 126.9946592}, {"idx": 74, "category": "박물관/전시장", "name": "이화박물관", "location": "서울특별시 중구 정동길 26", "tel": "02-2175-1964", "time": "{'월': '10001700', '화': '10001700', '수': '10001700', '목': '10001700', '금': '10001700', '토': '10001700'}", "homepage": "http://www.ewhamuseum.com/", "FIELD8": "", "lat": 37.5659958, "lng": 126.9710704}, {"idx": 75, "category": "박물관/전시장", "name": "이화여고 100주년 기념관", "location": "서울특별시 중구 정동길 26", "tel": "02-777-4258", "time": "", "homepage": "http://www.ewha100.com/", "FIELD8": "", "lat": 37.5659958, "lng": 126.9710704}, {"idx": 76, "category": "박물관/전시장", "name": "일본군 ‘위안부’ 기억의 터", "location": "서울 중구 퇴계로26가길 6", "tel": "02-3783-5900", "time": "", "homepage": "", "FIELD8": "", "lat": 37.5590495, "lng": 126.9902522}, {"idx": 77, "category": "박물관/전시장", "name": "재미로", "location": "서울특별시 중구 퇴계로20길 42 일대", "tel": "02-779-6107", "time": "", "homepage": "", "FIELD8": "", "lat": 37.5582739, "lng": 126.9862752}, {"idx": 78, "category": "박물관/전시장", "name": "종이나라 박물관", "location": "서울특별시 중구 장충단로 166 종이나라빌딩", "tel": "02-2279-7901", "time": "{'월': '09301830', '화': '09301830', '수': '09301830', '목': '09301830', '금': '09301830', '토': '09301830'}", "homepage": "www.papermuseum.or.kr", "FIELD8": "", "lat": 37.5596195, "lng": 127.0061614}, {"idx": 79, "category": "박물관/전시장", "name": "지구촌 민속교육박물관", "location": "서울특별시 중구 소파로 46", "tel": "02-311-1210", "time": "{'월': '10001700', '화': '10001700', '수': '10001700', '목': '10001700', '금': '10001700', '토': '10001700', '일': '10001700'}", "homepage": "www.serii.re.kr", "FIELD8": "", "lat": 37.5544848, "lng": 126.9812256}, {"idx": 80, "category": "박물관/전시장", "name": "초전섬유 퀼트박물관", "location": "서울특별시 중구 퇴계로16길 29 ", "tel": "02-753-4075", "time": "{'월': '10001700', '화': '10001700', '수': '10001700', '목': '10001700', '금': '10001700', '토': '10001700', '일': '10001700'}", "homepage": "http://www.jculture.co.kr/museum", "FIELD8": "", "lat": 37.5595045, "lng": 126.9843661}, {"idx": 81, "category": "박물관/전시장", "name": "토이키노 박물관", "location": "서울특별시 중구 정동길 3 경향아트힐 2층", "tel": "02-722-2690", "time": "", "homepage": "http://www.toykino.com/", "FIELD8": "", "lat": 37.568127, "lng": 126.9699524}, {"idx": 82, "category": "박물관/전시장", "name": "한국 금융사박물관", "location": "서울특별시 중구 세종대로 135-5", "tel": "02-738-6806", "time": "{'월': '10001800', '화': '10001800', '수': '10001800', '목': '10001800', '금': '10001800', '토': '10001800', '일': '10001700'}", "homepage": "www.shinhanmuseum.co.kr", "FIELD8": "", "lat": 37.5685498, "lng": 126.9764145}, {"idx": 83, "category": "박물관/전시장", "name": "한국은행 화폐박물관", "location": "서울특별시 중구 남대문로 39 ", "tel": "02-759-4881", "time": "{'화': '10001700', '수': '10001700', '목': '10001700', '금': '10001700', '토': '10001700', '일': '10001700'}", "homepage": "http://museum.bok.or.kr ", "FIELD8": "", "lat": 37.5618592, "lng": 126.9799028}, {"idx": 84, "category": "박물관/전시장", "name": "한국현대문학관", "location": "서울특별시 중구 동호로 268", "tel": "02-2277-4857", "time": "", "homepage": "www.kmlm.or.kr/", "FIELD8": "", "lat": 37.5597735, "lng": 127.0042083}, {"idx": 85, "category": "모범음식점", "name": "(주)남산돈까스", "location": "서울 중구 소파로 101번지", "tel": "02 -777-7929", "time": "{'월': '11002000', '화': '11002000', '수': '11002000', '목': '11002000', '금': '11002000', '토': '11002000', '일': '11002000'}", "homepage": "http://www.남산맛집.kr", "FIELD8": "", "lat": 37.5569004, "lng": 126.98572}, {"idx": 86, "category": "모범음식점", "name": "(주)예성한식", "location": "서울시 중구 세종대로9길 41", "tel": "02 -752-3900", "time": "{'월': '10002300', '화': '10002300', '수': '10002300', '목': '10002300', '금': '10002300', '토': '10002300'}", "homepage": "", "FIELD8": "", "lat": 37.5613107, "lng": 126.9729685}, {"idx": 87, "category": "모범음식점", "name": "KR명동삼계탕", "location": "서울 중구 명동8나길 49", "tel": "02 -778-7370", "time": "{'월': '09002130', '화': '09002130', '수': '09002130', '목': '09002130', '금': '09002130', '토': '09002130', '일': '09002130'}", "homepage": "", "FIELD8": "", "lat": 37.560981, "lng": 126.9821321}, {"idx": 88, "category": "모범음식점", "name": "가나안뼈해장국", "location": "서울 중구 다산로 131", "tel": "02 -2234-5200", "time": "{'월': '00002400', '화': '00002400', '수': '00002400', '목': '00002400', '금': '00002400', '토': '00002400', '일': '00002400'}", "homepage": "", "FIELD8": "", "lat": 37.5556662, "lng": 127.010807}, {"idx": 89, "category": "모범음식점", "name": "가나일식", "location": "중구 남대문로9길 24 지하 1층", "tel": "02 -755-7495", "time": "{'월': '12002200', '화': '12002200', '수': '12002200', '목': '12002200', '금': '12002200', '토': '12002200', '일': '12002200'}", "homepage": "", "FIELD8": "", "lat": 37.567102, "lng": 126.9811195}, {"idx": 90, "category": "모범음식점", "name": "갈비선생", "location": "서울 중구 명동10길 19-27", "tel": "02 -735-9292", "time": "{'월': '10002200', '화': '10002200', '수': '10002200', '목': '10002200', '금': '10002200', '토': '10002200', '일': '10002200'}", "homepage": "", "FIELD8": "", "lat": 37.5631311, "lng": 126.98582}, {"idx": 91, "category": "모범음식점", "name": "강가", "location": "서울 중구 세종대로 136 서울파이낸스센터 B2", "tel": "02 -3783-0610", "time": "{'월': '11302200', '화': '11302200', '수': '11302200', '목': '11302200', '금': '11302200', '토': '11302200', '일': '11302200'}", "homepage": "http://www.ganga.co.kr", "FIELD8": "", "lat": 37.5683332, "lng": 126.9778619}, {"idx": 92, "category": "모범음식점", "name": "강산복집", "location": "서울 중구 난계로 161", "tel": "02 -2292-8208", "time": "{'월': '10002200', '화': '10002200', '수': '10002200', '목': '10002200', '금': '10002200', '토': '10002200', '일': '10002200'}", "homepage": "", "FIELD8": "", "lat": 37.5659135, "lng": 127.0233278}, {"idx": 93, "category": "모범음식점", "name": "강서면옥", "location": "서울 중구 세종대로11길 35", "tel": "02 -752-1945", "time": "{'월': '11002200', '화': '11002200', '수': '11002200', '목': '11002200', '금': '11002200', '토': '11002200', '일': '11002200'}", "homepage": "", "FIELD8": "", "lat": 37.5619851, "lng": 126.9739462}, {"idx": 94, "category": "모범음식점", "name": "강호동백정", "location": "", "tel": "02 -2278-739", "time": "{'월': '00002400', '화': '00002400', '수': '00002400', '목': '00002400', '금': '00002400', '토': '00002400', '일': '00002400'}", "homepage": "", "FIELD8": ""}, {"idx": 95, "category": "모범음식점", "name": "강호동백정(흥인점)", "location": "서울 중구 퇴계로73길 28", "tel": "02 -2231-0678", "time": "{'월': '11002400', '화': '11002400', '수': '11002400', '목': '11002400', '금': '11002400', '토': '11002400', '일': '11002400'}", "homepage": "", "FIELD8": "", "lat": 37.5664181, "lng": 127.0141206}, {"idx": 96, "category": "모범음식점", "name": "경복궁", "location": "서울 중구 마른내로 6", "tel": "02 -2266-2004", "time": "{'월': '11002200', '화': '11002200', '수': '11002200', '목': '11002200', '금': 11002200', '토': '11002200', '일': '11002200'}", "homepage": "http://www.koreasteak.com", "FIELD8": "", "lat": 37.5631237, "lng": 126.9951313}, {"idx": 97, "category": "모범음식점", "name": "경서기네", "location": "명동 백병원 맞은편 평화바옹 1층", "tel": "02 -2273-9191", "time": "{'월': '10002200', '화': '10002200', '수': '10002200', '목': '10002200', '금': '10002200', '토': '10002200', '일': '10002200'}", "homepage": "http://arrowdream.com", "FIELD8": "", "lat": 37.55998, "lng": 126.9858296}, {"idx": 98, "category": "모범음식점", "name": "고궁", "location": "서울 중구 명동8가길 27", "tel": "02 -776-3211", "time": "{'월': '10302200', '화': '10302200', '수': '10302200', '목': '10302200', '금': '10302200', '토': '10302200', '일': '10302200'}", "homepage": "http://Ggogung.co.kr", "FIELD8": "", "lat": 37.5618939, "lng": 126.9864389}, {"idx": 99, "category": "모범음식점", "name": "고기마루", "location": "서울 중구 다산로 128-14", "tel": "02-2272-3818", "time": "{'월': '10002300', '화': '10002300', '수': '10002300', '목': '10002300', '금': '10002300', '토': '10302200', '일': '10302200'}", "homepage": "", "FIELD8": "", "lat": 37.5547327, "lng": 127.0115538}, {"idx": 100, "category": "모범음식점", "name": "고기사랑", "location": "서울특별시 중구 을지로44길 17-8", "tel": "02 -2265-6492", "time": "{'월': '09002200', '화': '09002200', '수': '09002200', '목': '09002200', '금': '09002200', '토': '09002200', '일': '09002200'}", "homepage": "", "FIELD8": "", "lat": 37.5651145, "lng": 127.0068346}, {"idx": 101, "category": "모범음식점", "name": "고냉지쌈밥", "location": "", "tel": "02 -2278-8853", "time": "{'월': '10002200', '화': '10002200', '수': '10002200', '목': '10002200', '금': '10002200', '토': '10002200'}", "homepage": "", "FIELD8": ""}, {"idx": 102, "category": "모범음식점", "name": "고래뱃속", "location": "서울 중구 다동길16", "tel": "02 -777-1561", "time": "{'월': '10002000', '화': '10002000', '수': '10002000', '목': '10002000', '금': '10002000', '토': '10002000'}", "homepage": "", "FIELD8": "", "lat": 37.5676521, "lng": 126.980134}, {"idx": 103, "category": "모범음식점", "name": "고려삼계탕", "location": "서울 중구 서소문로11길 1", "tel": "02 -752-9376", "time": "{'월': '10002130', '화': '10002130', '수': '10002130', '목': '10002130', '금': '10002130', '토': '10002130'}", "homepage": "http://krsamgyetang.com", "FIELD8": "", "lat": 37.5629599, "lng": 126.9728983}, {"idx": 104, "category": "모범음식점", "name": "고시레", "location": "서울 중구 명동8가길 61", "tel": "02 -3789-1357", "time": "{'월': '11002300', '화': '11002300', '수': '11002300', '목': '11002300', '금': '11002300', '토': '11002300'}", "homepage": "", "FIELD8": "", "lat": 37.5619805, "lng": 126.9884469}, {"idx": 105, "category": "모범음식점", "name": "골목집 황포돛배", "location": "서울특별시 중구 을지로44길 31", "tel": "02 -2267-0202", "time": "{'월': '11002230', '화': '11002230', '수': '11002230', '목': '11002230', '금': '11002230', '토': '11002230', '일': '11002230'}", "homepage": "", "FIELD8": "", "lat": 37.5646805, "lng": 127.0064419}, {"idx": 106, "category": "모범음식점", "name": "곰국시집", "location": "서울 중구 무교로 24", "tel": "02 -756-3249", "time": "{'월': '11002200', '화': '11002200', '수': '11002200', '목': '11002200', '금': '11002200', '토': '11002200', '일': '11002200'}", "homepage": "", "FIELD8": "", "lat": 37.5680617, "lng": 126.9794662}, {"idx": 107, "category": "모범음식점", "name": "곰국시집", "location": "서울 중구 명동10길 19-3", "tel": "02 -756-3449", "time": "{'월': '11002200', '화': '11002200', '수': '11002200', '목': '11002200', '금': '11002200', '토': '11002200', '일': '11002200'}", "homepage": "", "FIELD8": "", "lat": 37.56303279999999, "lng": 126.9856018}, {"idx": 108, "category": "모범음식점", "name": "광동수산", "location": "서울시 중구 다산로 236", "tel": "02 -2231-6042", "time": "{'월': '11000500', '화': '11000500', '수': '11000500', '목': '11000500', '금': '11000500', '토': '11000500', '일': '11000500'}", "homepage": "", "FIELD8": "", "lat": 37.5639134, "lng": 127.0161979}, {"idx": 109, "category": "모범음식점", "name": "광화문양갈비", "location": "서울 중구 세종대로21길 48", "tel": "02 -737-7375", "time": "{'월': '09302200', '화': '09302200', '수': '09302200', '목': '09302200', '금': '09302200', '토': '09302200'}", "homepage": "", "FIELD8": "", "lat": 37.5685288, "lng": 126.9759688}, {"idx": 110, "category": "모범음식점", "name": "구팡돌할매보쌈", "location": "서울 중구 덕수궁길 7", "tel": "02 -754-4353", "time": "{'월': '11302230', '화': '11302230', '수': '11302230', '목': '11302230', '금': '11302230', '토': '11302230', '일': '11302230'}", "homepage": "", "FIELD8": "", "lat": 37.5646819, "lng": 126.9763406}, {"idx": 111, "category": "모범음식점", "name": "권명옥가마솥나주곰탕", "location": "서울 중구 다동길 24-3", "tel": "02 -756-1362", "time": "{'월': '10002200', '화': '10002200', '수': '10002200', '목': '10002200', '금': '10002200', '토': '10002200'}", "homepage": "", "FIELD8": "", "lat": 37.5674379, "lng": 126.980781}, {"idx": 112, "category": "모범음식점", "name": "금강보글보글섞어찌개", "location": "서울 중구 명동7가길 20-8", "tel": "02 -779-3610", "time": "{'월': '10002200', '화': '10002200', '수': '10002200', '목': '10002200', '금': '10002200', '토': '10002200', '일': '10002200'}", "homepage": "", "FIELD8": "", "lat": 37.5647204, "lng": 126.9832901}, {"idx": 113, "category": "모범음식점", "name": "금문식당", "location": "", "tel": "02 -756-1441", "time": "{'월': '09302100', '화': '09302100', '수': '09302100', '목': '09302100', '금': '09302100'}", "homepage": "", "FIELD8": ""}, {"idx": 114, "category": "모범음식점", "name": "기소야(을지점)", "location": "서울 중구 삼일대로 363", "tel": "02 -774-0863", "time": "{'월': '11002100', '화': '11002100', '수': '11002100', '목': '11002100', '금': '11002100'}", "homepage": "", "FIELD8": "", "lat": 37.5673064, "lng": 126.9867527}, {"idx": 115, "category": "모범음식점", "name": "긴난", "location": "서울 중구 신당5동112-6", "tel": "02 -2252-8836", "time": "{'월': '11302200', '화': '11302200', '수': '11302200', '목': '11302200', '금': '11302200', '토': '11302200', '일': '11302200'}", "homepage": "", "FIELD8": "", "lat": 37.5639883, "lng": 127.0170741}, {"idx": 116, "category": "모범음식점", "name": "나루", "location": "서울 중구 마장로9길 49-9", "tel": "02 -2234-9233", "time": "{'월': '11002200', '화': '11002200', '수': '11002200', '목': '11002200', '금': '11002200', '토': '11002200', '일': '11002200'}", "homepage": "", "FIELD8": "", "lat": 37.5702623, "lng": 127.0188131}, {"idx": 117, "category": "모범음식점", "name": "나주곰탕", "location": "서울 중구 을지로9길 26", "tel": "02 -732-1112", "time": "{'월': '10002200', '화': '10002200', '수': '10002200', '목': '10002200', '금': '10002200', '토': '10002200', '일': '10002200'}", "homepage": "", "FIELD8": "", "lat": 37.5670167, "lng": 126.9886934}, {"idx": 118, "category": "모범음식점", "name": "나주곰탕", "location": "서울 중구 칠패로 42", "tel": "02 -3789-3405", "time": "{'월': '08002200', '화': '08002200', '수': '08002200', '목': '08002200', '금': '08002200', '토': '08002200'}", "homepage": "", "FIELD8": "", "lat": 37.5594218, "lng": 126.9735536}, {"idx": 119, "category": "모범음식점", "name": "낙동강", "location": "을지로1길 32-3", "tel": "02 -777-1797", "time": "{'월': '11002200', '화': '11002200', '수': '11002200', '목': '11002200', '금': '11002200', '토': '11002200', '일': '11002200'}", "homepage": "", "FIELD8": "", "lat": 37.5675633, "lng": 126.9799688}, {"idx": 120, "category": "모범음식점", "name": "남강", "location": "서울 중구 세종대로11길 43", "tel": "02 -753-8801", "time": "{'월': '10002200', '화': '10002200', '수': '10002200', '목': '10002200', '금': '10002200', '토': '10002200', '일': '10002200'}", "homepage": "", "FIELD8": "", "lat": 37.5619209, "lng": 126.9735046}, {"idx": 121, "category": "전통시장", "name": "남대문시장", "location": "서울특별시 중구 남대문시장4길 21", "tel": "02-753-2805", "time": "", "homepage": " http://www.namdaemunmarket.co.kr", "FIELD8": "", "lat": 37.55914730000001, "lng": 126.977641}, {"idx": 122, "category": "전통시장", "name": "남평화시장", "location": "서울특별시 중구 장충단로 282-10", "tel": "02-2252-6744", "time": "", "homepage": "", "FIELD8": "", "lat": 37.5691305, "lng": 127.0108146}, {"idx": 123, "category": "전통시장", "name": "동평화시장", "location": "서울특별시 중구 청계천로 318", "tel": "02-2235-5881", "time": "", "homepage": "동평화시장.kr", "FIELD8": "", "lat": 37.5694218, "lng": 127.0132185}, {"idx": 124, "category": "전통시장", "name": "방산종합시장", "location": "서울특별시 중구 을지로33길 18-1 일대", "tel": "02-2268-6691", "time": "", "homepage": "http://www.bangsan-tmk.com", "FIELD8": "", "lat": 37.5673717, "lng": 126.9996902}, {"idx": 125, "category": "전통시장", "name": "서울 중앙시장", "location": "서울특별시 중구 퇴계로85길 22 ", "tel": "02-2232-9559", "time": "", "homepage": "", "FIELD8": "", "lat": 37.5667491, "lng": 127.0197908}, {"idx": 126, "category": "전통시장", "name": "숭례문수입상가", "location": "서울특별시 중구 소월로 3", "tel": "02-753-2805", "time": "", "homepage": "http://www.sungnyemun.com ", "FIELD8": "", "lat": 37.5459131, "lng": 126.9889696}, {"idx": 127, "category": "전통시장", "name": "인현시장", "location": "서울특별시 중구 인현동2가 192 일대", "tel": "02-2266-8765", "time": "", "homepage": "http://blog.naver.com/inhyun2016", "FIELD8": "", "lat": 37.5635522, "lng": 126.9955555}, {"idx": 128, "category": "전통시장", "name": "제일평화시장", "location": "서울특별시 중구 마장로 13", "tel": "02-2252-6744", "time": "", "homepage": "http://http://www.jeilpyunghwa.com/", "FIELD8": "", "lat": 37.568899, "lng": 127.0207977}, {"idx": 129, "category": "전통시장", "name": "중부신중부시장", "location": "서울특별시 중구 을지로32길 24 일대", "tel": "02-2267-5617", "time": "", "homepage": "", "FIELD8": "", "lat": 37.5655622, "lng": 126.9999883}, {"idx": 130, "category": "전통시장", "name": "청평화시장", "location": "서울특별시 중구 청계천로 334", "tel": "02-2252-8036", "time": "", "homepage": "www.cph.co.kr", "FIELD8": "", "lat": 37.56942799999999, "lng": 127.0149254}, {"idx": 131, "category": "전통시장", "name": "평화시장", "location": "서울특별시 중구 청계천로 274", "tel": "02-2275-3555", "time": "", "homepage": "http://www.pyounghwa.com/", "FIELD8": "", "lat": 37.569388, "lng": 127.0079981}, {"idx": 132, "category": "오래된 한식당", "name": "하동관", "location": " 서울 중구 명동 1가 10-4", "tel": "02-776-5656", "time": "", "homepage": "", "FIELD8": "", "lat": 37.5643946, "lng": 126.9850185}, {"idx": 133, "category": "오래된 한식당", "name": "은호식당", "location": "서울 중구 남창동 50-43", "tel": "02-753-3263", "time": "", "homepage": "", "FIELD8": "", "lat": 37.5589643, "lng": 126.9770018}, {"idx": 134, "category": "오래된 한식당", "name": "잼배옥", "location": "서울 중구 남창동 50-43", "tel": "02-753-3263", "time": "", "homepage": "", "FIELD8": "", "lat": 37.5589643, "lng": 126.9770018}, {"idx": 135, "category": "오래된 한식당", "name": "용금옥", "location": "서울 중구 다동 165-1", "tel": "02-777-1689", "time": "", "homepage": "", "FIELD8": "", "lat": 37.5676318, "lng": 126.9804953}, {"idx": 136, "category": "오래된 한식당", "name": "우래옥", "location": "서울 중구 주교동 118-1", "tel": "02-2265-0151", "time": "", "homepage": "", "FIELD8": "", "lat": 37.5681851, "lng": 126.9987092}, {"idx": 137, "category": "오래된 한식당", "name": "강서면옥", "location": "서울 중구 서소문동 120-15", "tel": "02-752-1945", "time": "", "homepage": "", "FIELD8": "", "lat": 37.5619851, "lng": 126.9739462}, {"idx": 138, "category": "오래된 한식당", "name": "명동 할매낙지", "location": "서울 중구 명동 31-7", "tel": "02-757-3353", "time": "", "homepage": "", "FIELD8": "", "lat": 37.5621121, "lng": 126.9850947}, {"idx": 139, "category": "오래된 한식당", "name": "진주집", "location": "서울 중구 남창동 34-31", "tel": "02-318-7072", "time": "", "homepage": "", "FIELD8": "", "lat": 37.5599696, "lng": 126.9770797}, {"idx": 140, "category": "오래된 한식당", "name": "문화옥", "location": "서울 중구 주교동", "tel": "02-2265-0322", "time": "", "homepage": "", "FIELD8": "", "lat": 37.5682819, "lng": 126.9993778}, {"idx": 141, "category": "오래된 한식당", "name": "오장동 함흥냉면", "location": "서울 중구 오장동", "tel": "02-2267-9500", "time": "", "homepage": "", "FIELD8": "", "lat": 37.5648174, "lng": 127.0007109}, {"idx": 142, "category": "오래된 한식당", "name": "전주 중앙회관", "location": "서울 중구 충무로1가 24-11", "tel": "02-776-3525", "time": "", "homepage": "", "FIELD8": "", "lat": 37.5611017, "lng": 126.9838034}, {"idx": 143, "category": "오래된 한식당", "name": "고려 삼계탕", "location": "서울 중구 서소문동 55-3", "tel": "02-752-9376", "time": "", "homepage": "", "FIELD8": "", "lat": 37.5629599, "lng": 126.9728983}, {"idx": 144, "category": "오래된 한식당", "name": "진주회관", "location": "서울 중구 서소문동 120-35", "tel": "02-753-5388", "time": "", "homepage": "", "FIELD8": "", "lat": 37.5623429, "lng": 126.9744756}, {"idx": 145, "category": "백화점/마트", "name": "롯데 영플라자", "location": "서울특별시 중구 남대문로 67 ", "tel": "02-771-2500", "time": "", "homepage": "http://store.lotteshopping.com", "FIELD8": "", "lat": 37.5634661, "lng": 126.9815063}, {"idx": 146, "category": "백화점/마트", "name": "롯데마트서울역점", "location": "서울 중구 청파로 426", "tel": "02-390-2500", "time": "", "homepage": "http://company.lottemart.com/branch/bc/main.do?brnchCd=0100012", "FIELD8": "", "lat": 37.5574069, "lng": 126.9694999}, {"idx": 147, "category": "백화점/마트", "name": "롯데백화점(본점)", "location": "서울특별시 중구 남대문로 81", "tel": "02-771-2500", "time": "", "homepage": "store.lotteshopping.com", "FIELD8": "", "lat": 37.5649903, "lng": 126.981369}, {"idx": 148, "category": "백화점/마트", "name": "신세계백화점(본점)", "location": "서울특별시 중구 소공로 63", "tel": "1588-1234", "time": "", "homepage": "http://www.shinsegae.com/", "FIELD8": "", "lat": 37.5609008, "lng": 126.9809889}, {"idx": 149, "category": "백화점/마트", "name": "이마트청계천점", "location": "서울특별시 중구 청계천로 400", "tel": "02-2290-1234", "time": "", "homepage": "http://store.emart.com/branch/list.do?id=1116", "FIELD8": "", "lat": 37.5708733, "lng": 127.0213284}, {"idx": 150, "category": "쇼핑센터", "name": "굿모닝시티쇼핑몰", "location": "서울시 중구 장충단로 247", "tel": "02-2118-8700", "time": "", "homepage": "http://www.goodmorningcity.co.kr", "FIELD8": "", "lat": 37.5668355, "lng": 127.0073743}, {"idx": 151, "category": "쇼핑센터", "name": "누죤", "location": "서울시 중구 을지로45길 62", "tel": "02-6366-3052", "time": "", "homepage": "http://www.nuzzon.co.kr", "FIELD8": "", "lat": 37.5669052, "lng": 127.0129947}, {"idx": 152, "category": "쇼핑센터", "name": "눈스퀘어", "location": "서서울시 중구 명동길 14", "tel": "02-3783-5201", "time": "", "homepage": "http://www.noonsquare.com/", "FIELD8": "", "lat": 37.5633734, "lng": 126.9828862}, {"idx": 153, "category": "쇼핑센터", "name": "두산타워", "location": "서울시 중구 장충단로 275", "tel": "02-3398-3017", "time": "", "homepage": "http://www.doota-mall.com", "FIELD8": "", "lat": 37.5689316, "lng": 127.0087977}, {"idx": 154, "category": "쇼핑센터", "name": "디오트", "location": "서울시 중구 다산로293", "tel": "02-2117-8019", "time": "", "homepage": "www.theot.org", "FIELD8": "", "lat": 37.5691202, "lng": 127.0149759}, {"idx": 155, "category": "쇼핑센터", "name": "디자이너클럽", "location": "서울시 중구 을지로45길72", "tel": "02-237-2503", "time": "", "homepage": "", "FIELD8": "", "lat": 37.5673887, "lng": 127.0130676}, {"idx": 156, "category": "쇼핑센터", "name": "롯데아울렛서울역점", "location": "서울시 중구 한강대로 405(봉래동2가 122-11", "tel": "02-6965-2500", "time": "", "homepage": "http://store.lotteshopping.com/handler/Main-Start?subBrchCd=057", "FIELD8": "", "lat": 37.555042, "lng": 126.9695336}, {"idx": 157, "category": "쇼핑센터", "name": "롯데피트인", "location": "서울시 중구 을지로 264 ", "tel": "02-6262-4500", "time": "", "homepage": "http://ddm.lottefitin.com", "FIELD8": "", "lat": 37.56572, "lng": 127.0070473}, {"idx": 158, "category": "쇼핑센터", "name": "메사", "location": "서울시 중구 남대문시장10길2", "tel": "02-727-1472", "time": "", "homepage": "", "FIELD8": "", "lat": 37.5603299, "lng": 126.9795682}, {"idx": 159, "category": "쇼핑센터", "name": "밀리오레(동대문)", "location": "서울시 중구 장충단로 263 ", "tel": "02-3393-0296", "time": "", "homepage": "", "FIELD8": "", "lat": 37.568063, "lng": 127.0084776}, {"idx": 160, "category": "쇼핑센터", "name": "밀리오레(명동)", "location": "서울시 중구 퇴계로 115", "tel": "02-2124-1510", "time": "", "homepage": "", "FIELD8": "", "lat": 37.5610141, "lng": 126.9845097}, {"idx": 161, "category": "쇼핑센터", "name": "베네치아메가몰", "location": "서울시 중구 청계천로400", "tel": "02-2048-5100", "time": "", "homepage": "www.veneziamegamall.net", "FIELD8": "", "lat": 37.5708733, "lng": 127.0213284}, {"idx": 162, "category": "쇼핑센터", "name": "아트플라자", "location": "서울시 중구 마장로1길 28", "tel": "02-2232-2000", "time": "", "homepage": "", "FIELD8": "", "lat": 37.5691587, "lng": 127.0127816}, {"idx": 163, "category": "쇼핑센터", "name": "에이피엠패션몰", "location": "서울시 중구 마장로 40", "tel": "02-2235-7205", "time": "", "homepage": "http://www.apm-korea.com/", "FIELD8": "", "lat": 37.56768050000001, "lng": 127.0140157}, {"idx": 164, "category": "쇼핑센터", "name": "에이피엠플레이스", "location": "서울시 중구 을지로276", "tel": "02-2200-5678", "time": "", "homepage": "www.apm-place.com", "FIELD8": "", "lat": 37.5652675, "lng": 127.0084173}, {"idx": 165, "category": "쇼핑센터", "name": "엠플라자", "location": "서울특별시 중구 명동길 ", "tel": "02-727-3100", "time": "", "homepage": "www.facebook.com/mdmplaza", "FIELD8": "", "lat": 37.5636048, "lng": 126.9848959}, {"idx": 166, "category": "쇼핑센터", "name": "패션몰 유어스", "location": "서울 중구 마장로22", "tel": "02-6270-1000", "time": "", "homepage": "", "FIELD8": "", "lat": 37.5669375, "lng": 127.0120174}, {"idx": 167, "category": "쇼핑센터", "name": "헬로우에이피엠", "location": "서울특별시 중구 장충단로 253 ", "tel": "02-6388-1180", "time": "", "homepage": "", "FIELD8": "", "lat": 37.5674458, "lng": 127.0080556}, {"idx": 168, "category": "쇼핑센터", "name": "현대시티아울렛 동대문점", "location": "서울시 중구 장충단로13길 20", "tel": "02-2048-4800", "time": "", "homepage": "http://www.ehyundai.com/newPortal/outlet/DP/DP000000_V.do?branchCd=B00173000", "FIELD8": "", "lat": 37.5686986, "lng": 127.0076666}, {"idx": 169, "category": "쇼핑센터", "name": "혜양엘리시움", "location": "서울시 중구 신당동 213-48 외 2", "tel": "02-2250-1115", "time": "", "homepage": "", "FIELD8": "", "lat": 37.5686005, "lng": 127.0126271}, {"idx": 170, "category": "면세점", "name": "동화면세점", "location": "서울특별시 종로구 세종대로 149", "tel": "1688-6680", "time": "", "homepage": "www.dutyfree24.com", "FIELD8": "", "lat": 37.5695312, "lng": 126.976126}, {"idx": 171, "category": "면세점", "name": "두타면세점", "location": "서울특별시 중구 장충단로 275 두산타워", "tel": "1833-8800", "time": "", "homepage": "http://dootadutyfree.com", "FIELD8": "", "lat": 37.5691357, "lng": 127.0090702}, {"idx": 172, "category": "면세점", "name": "롯데면세점", "location": "서울특별시 중구 남대문로 81", "tel": "1688-3000", "time": "", "homepage": "www.lottedfs.com", "FIELD8": "", "lat": 37.5649903, "lng": 126.981369}, {"idx": 173, "category": "면세점", "name": "신라면세점", "location": "서울특별시 중구 동호로 249", "tel": "1688-1110", "time": "", "homepage": "www.shilladfs.com", "FIELD8": "", "lat": 37.5577399, "lng": 127.0076342}, {"idx": 174, "category": "면세점", "name": "신세계면세점", "location": "서울특별시 중구 퇴계로 77", "tel": "1661-8778", "time": "", "homepage": "www.ssgdfs.com", "FIELD8": "", "lat": 37.5603075, "lng": 126.9808306}, {"idx": 175, "category": "중구 착한가격업소", "name": "한우마당", "location": "중구 남대문로5길 7", "tel": "02-3789-7792", "time": "", "homepage": "", "FIELD8": "", "lat": 37.5616373, "lng": 126.9788396}, {"idx": 176, "category": "중구 착한가격업소(착한가게)", "name": "산정", "location": "중구 동호로 288", "tel": "02-2277-0913", "time": "", "homepage": "", "FIELD8": "", "lat": 37.5601815, "lng": 127.0031185}, {"idx": 177, "category": "중구 착한가격업소(착한가게)", "name": "기성미용실", "location": "중구 다산로28길 28", "tel": "02-2231-0053", "time": "", "homepage": "", "FIELD8": "", "lat": 37.5593549, "lng": 127.0150977}, {"idx": 178, "category": "중구 착한가격업소(착한가게)", "name": "삼성회관", "location": "중구 청구로3길 16", "tel": "02-2231-8520", "time": "", "homepage": "", "FIELD8": "", "lat": 37.558837, "lng": 127.0153365}, {"idx": 179, "category": "중구 착한가격업소(착한가게)", "name": "코너집", "location": "중구 퇴계로 336", "tel": "02-2279-6266", "time": "", "homepage": "", "FIELD8": "", "lat": 37.5641628, "lng": 127.0088473}, {"idx": 180, "category": "중구 착한가격업소(착한가게)", "name": "소달구지", "location": "중구 퇴계로4길 6", "tel": "02-755-1585", "time": "", "homepage": "", "FIELD8": "", "lat": 37.5573492, "lng": 126.9775773}, {"idx": 181, "category": "중구 착한가격업소(착한가게)", "name": "조아루", "location": "중구 퇴계로114-10", "tel": "02-779-7897", "time": "", "homepage": "", "FIELD8": "", "lat": 37.5605014, "lng": 126.9842993}, {"idx": 182, "category": "중구 착한가격업소(착한가게)", "name": "명동식당", "location": "중구 세종대로2나길 15", "tel": "02-773-7318", "time": "", "homepage": "", "FIELD8": "", "lat": 37.5581453, "lng": 126.9744154}, {"idx": 183, "category": "중구 착한가격업소(착한가게)", "name": "영자씨 우동김밥", "location": "중구 마른내길 15-1", "tel": "02-2272-9791", "time": "", "homepage": "", "FIELD8": "", "lat": 37.5657297, "lng": 126.9952734}, {"idx": 184, "category": "중구 착한가격업소(착한가게)", "name": "다동분식", "location": "중구 남대문로9길 16", "tel": "02-755-7414", "time": "", "homepage": "", "FIELD8": "", "lat": 37.5667974, "lng": 126.9815345}, {"idx": 185, "category": "중구 착한가격업소(착한가게)", "name": "광희식당", "location": "중구 장충단로212-2 ", "tel": "02-2265-1555", "time": "", "homepage": "", "FIELD8": "", "lat": 37.5635986, "lng": 127.0072169}, {"idx": 186, "category": "중구 착한가격업소(착한가게)", "name": "카페베아띠", "location": "중구 삼일대로 300 ", "tel": "02-2264-8695", "time": "", "homepage": "", "FIELD8": "", "lat": 37.56149389999999, "lng": 126.9892933}, {"idx": 187, "category": "중구 착한가격업소(착한가게)", "name": "우리집맛자랑", "location": "중구 퇴계로20길26 ", "tel": "02-319-8939", "time": "", "homepage": "", "FIELD8": "", "lat": 37.5590592, "lng": 126.9858073}, {"idx": 188, "category": "중구 착한가격업소(착한가게)", "name": "돈우가식당", "location": "중구 남대문로 25-17 ", "tel": "02-3789-1313", "time": "", "homepage": "", "FIELD8": "", "lat": 37.5619918, "lng": 126.9781545}, {"idx": 189, "category": "중구 착한가격업소(착한가게)", "name": "지리산흑돼지", "location": "중구 퇴계로90길 26 ", "tel": "02-2234-7854", "time": "", "homepage": "", "FIELD8": "", "lat": 37.5642082, "lng": 127.021848}, {"idx": 190, "category": "중구 착한가격업소(착한가게)", "name": "백미사세탁소", "location": "중구 퇴계로90길 49 ", "tel": "02-2252-5885", "time": "", "homepage": "", "FIELD8": "", "lat": 37.5630431, "lng": 127.0217432}, {"idx": 191, "category": "중구 착한가격업소(착한가게)", "name": "형제정육식당", "location": "중구 다산로40길 56 ", "tel": "02-2235-9902", "time": "", "homepage": "", "FIELD8": "", "lat": 37.5631497, "lng": 127.0190592}, {"idx": 192, "category": "중구 착한가격업소(착한가게)", "name": "장충동한방왕족발", "location": "중구 퇴계로86길 6-2 ", "tel": "02-2231-0242", "time": "", "homepage": "", "FIELD8": "", "lat": 37.5652265, "lng": 127.0195821}, {"idx": 193, "category": "중구 착한가격업소(착한가게)", "name": "장수보리밥", "location": "중구 퇴계로85길 12-4 ", "tel": "02-2252-2808", "time": "", "homepage": "", "FIELD8": "", "lat": 37.5662387, "lng": 127.019845}, {"idx": 194, "category": "문화재", "name": "숭례문", "location": "서울특별시 중구 세종대로 40", "tel": "042-481-4650", "time": "", "homepage": "", "lat": 37.55994159999999, "lng": 126.9753042}, {"idx": 195, "category": "문화재", "name": "한국은행 본관", "location": "서울특별시 중구 남대문로 39(남대문로3가 110", "tel": "", "time": "", "homepage": "", "lat": 37.5620577, "lng": 126.9805633}, {"idx": 196, "category": "문화재", "name": "광희문", "location": "서울특별시 중구 광희동2가 105", "tel": "", "time": "", "homepage": "", "lat": 37.5642575, "lng": 127.0097165}, {"idx": 197, "category": "문화재", "name": "환구단", "location": "서울특별시 중구 소공로 106", "tel": "", "time": "", "homepage": "", "lat": 37.5644064, "lng": 126.9796971}, {"idx": 198, "category": "문화재", "name": "정동교회", "location": "서울특별시 중구 정동길 46", "tel": "02-753-0001", "time": "", "homepage": "", "lat": 37.5652468, "lng": 126.97249}, {"idx": 199, "category": "문화재", "name": "약현성당", "location": "서울특별시 중구 청파로 447-1", "tel": "02-392-5018", "time": "", "homepage": "", "lat": 37.5589521, "lng": 126.9670169}, {"idx": 200, "category": "문화재", "name": "서울성곽", "location": "서울특별시 중구 장충동2가 서울 한양도성 남산구간 3코스 일대", "tel": "", "time": "", "homepage": ""}, {"idx": 201, "category": "문화재", "name": "서울 역사", "location": "서울특별시 중구 통일로 1", "tel": "042-481-4650", "time": "", "homepage": "", "lat": 37.5560186, "lng": 126.9721029}, {"idx": 202, "category": "문화재", "name": "구 러시아공사관", "location": "서울특별시 중구 정동길 21-18", "tel": "", "time": "", "homepage": "", "lat": 37.5676277, "lng": 126.9714985}, {"idx": 203, "category": "문화재", "name": "중명전", "location": "서울특별시 중구 정동길 41-11", "tel": "", "time": "", "homepage": "", "lat": 37.5666833, "lng": 126.9725246}, {"idx": 204, "category": "문화재", "name": "명동성당", "location": "서울특별시 중구 명동길 74", "tel": "02-774-1784", "time": "", "homepage": "", "lat": 37.5632533, "lng": 126.9868325}, {"idx": 205, "category": "문화재", "name": "덕수궁", "location": "서울특별시 중구 세종대로 99", "tel": "02-771-9951", "time": "", "homepage": "", "lat": 37.5658705, "lng": 126.9750079}, {"idx": 206, "category": "문화재", "name": "정동 이화여고 심슨기념관", "location": "서울특별시 중구 정동길 26", "tel": "", "time": "", "homepage": "", "lat": 37.5659958, "lng": 126.9710704}, {"idx": 207, "category": "문화재", "name": "미국공사관", "location": "서울특별시 중구 덕수궁길 83", "tel": "", "time": "", "homepage": "", "lat": 37.5675574, "lng": 126.9722228}, {"idx": 208, "category": "문화재", "name": "구 신아일보사 별관", "location": "서울특별시 중구 정동길 33", "tel": "", "time": "", "homepage": "", "lat": 37.5661946, "lng": 126.9721747}, {"idx": 209, "category": "문화재", "name": "경운궁 양이재", "location": "서울특별시 중구 세종대로21길 15", "tel": "", "time": "", "homepage": "", "lat": 37.56729190000001, "lng": 126.9754729}, {"idx": 210, "category": "문화재", "name": "성공회 성당", "location": "서울특별시 중구 세종대로21길 15", "tel": "", "time": "", "homepage": "", "lat": 37.56729190000001, "lng": 126.9754729}, {"idx": 211, "category": "문화재", "name": "신당동 박정희대통령 가옥", "location": "서울특별시 중구 다산로36가길 25", "tel": "", "time": "", "homepage": "", "lat": 37.5614289, "lng": 127.0198413}, {"idx": 212, "category": "문화재", "name": "수표교", "location": "서울특별시 중구 수표동", "tel": "", "time": "", "homepage": "", "lat": 37.5674037, "lng": 126.9895729}, {"idx": 213, "category": "문화재", "name": "구 대법원 청사", "location": "서울특별시 중구 덕수궁길 61", "tel": "", "time": "", "homepage": "", "lat": 37.5642629, "lng": 126.9746757}, {"idx": 214, "category": "문화재", "name": "경희궁 숭정전", "location": "서울특별시 중구 필동로1길 30", "tel": "", "time": "", "homepage": "", "lat": 37.5585916, "lng": 126.9997567}, {"idx": 215, "category": "문화재", "name": "장충단비", "location": "서울특별시 중구 동호로 257-10", "tel": "", "time": "", "homepage": "", "lat": 37.5583461, "lng": 127.0038674}, {"idx": 216, "category": "문화재", "name": "서울시청 청사", "location": "서울특별시 중구 세종대로 110", "tel": "", "time": "", "homepage": "", "lat": 37.5663797, "lng": 126.9777154}, {"idx": 217, "category": "문화재", "name": "태평로 구 국회의사당", "location": "서울특별시 중구 세종대로 125", "tel": "", "time": "", "homepage": "", "lat": 37.5673573, "lng": 126.976467}, {"idx": 218, "category": "문화재", "name": "남대문로 한국전력 사옥", "location": "서울특별시 중구 남대문로 92", "tel": "", "time": "", "homepage": "", "lat": 37.56512710000001, "lng": 126.9833299}, {"idx": 219, "category": "문화재", "name": "구 미국문화원", "location": "서울특별시 중구 을지로 23", "tel": "", "time": "", "homepage": "", "lat": 37.5662404, "lng": 126.9803626}, {"idx": 220, "category": "문화재", "name": "성제묘", "location": "서울특별시 중구 동호로 385-1", "tel": "", "time": "", "homepage": "", "lat": 37.5688059, "lng": 127.0017946}, {"idx": 221, "category": "문화재", "name": "옛 제일은행 본점", "location": "서울특별시 중구 남대문로 42", "tel": "", "time": "", "homepage": "", "lat": 37.5610081, "lng": 126.9804679}, {"idx": 222, "category": "문화재", "name": "부마도위 박영효 가옥", "location": "서울특별시 중구 필동2가 84-1", "tel": "", "time": "", "homepage": "", "lat": 37.5588388, "lng": 126.9940727}, {"idx": 223, "category": "문화재", "name": "삼각동 도편수 이승업 가옥", "location": "서울특별시 중구 퇴계로34길 28", "tel": "", "time": "", "homepage": "", "lat": 37.5588388, "lng": 126.9940727}, {"idx": 224, "category": "문화재", "name": "와룡묘", "location": "서울특별시 중구 남산공원길 125-72", "tel": "", "time": "", "homepage": "", "lat": 37.5580879, "lng": 126.9868818}, {"idx": 225, "category": "문화재", "name": "광통관", "location": "서울특별시 중구 남대문로 118", "tel": "", "time": "", "homepage": "", "lat": 37.5676341, "lng": 126.9831656}, {"idx": 226, "category": "문화재", "name": "목멱산 봉수대 터", "location": "서울특별시 중구 예장동 8-1", "tel": "", "time": "", "homepage": "", "lat": 37.5517428, "lng": 126.9875995}, {"idx": 227, "category": "문화재", "name": "손기정 월계관 기념수", "location": "서울특별시 중구 손기정로 101", "tel": "", "time": "", "homepage": "", "lat": 37.5556652, "lng": 126.9645497}, {"idx": 228, "category": "문화재", "name": "제기동 해풍부원군 윤택영 재실", "location": "서울특별시 중구 퇴계로34길 28", "tel": "", "time": "", "homepage": "", "lat": 37.5588388, "lng": 126.9940727}, {"idx": 229, "category": "문화재", "name": "삼청동 오위장 김춘영 가옥", "location": "서울특별시 중구 퇴계로34길 28", "tel": "", "time": "", "homepage": "", "lat": 37.5588388, "lng": 126.9940727}, {"idx": 230, "category": "문화재", "name": "관성묘", "location": "서울특별시 중구 동호로30길 2", "tel": "", "time": "", "homepage": "", "lat": 37.5608518, "lng": 127.0031006}, {"idx": 231, "category": "문화재", "name": "배재학당 동관", "location": "서울특별시 중구 서소문로11길 19", "tel": "", "time": "", "homepage": "", "lat": 37.5637438, "lng": 126.9723782}, {"idx": 232, "category": "문화재", "name": "구세군 중앙회관", "location": "서울특별시 중구 덕수궁길 130?", "tel": "", "time": "", "homepage": "", "lat": 37.56789810000001, "lng": 126.9738946}, {"idx": 233, "category": "문화재", "name": "학생 반공의 탑", "location": "서울특별시 중구 장충단로 72", "tel": "", "time": "", "homepage": "", "lat": 37.5525546, "lng": 127.0030594}, {"idx": 234, "category": "문화재", "name": "반공청년운동 기념비", "location": "서울특별시 중구 예장동 산5-6", "tel": "", "time": "", "homepage": "", "lat": 37.5518838, "lng": 126.988065}, {"idx": 235, "category": "문화재", "name": "고산자 김정호 기념비", "location": "서울특별시 중구 중림동 44-1 약현성당 앞 로터리", "tel": "", "time": "", "homepage": "", "lat": 37.5591528, "lng": 126.9674472}, {"idx": 236, "category": "문화재", "name": "손기정 흉상", "location": "서울특별시 중구 손기정로 101 손기정 체육공원 내", "tel": "", "time": "", "homepage": "", "lat": 37.5552859, "lng": 126.9646656}, {"idx": 237, "category": "문화재", "name": "윤관장군 상", "location": "서울특별시 중구 칠패로 5", "tel": "", "time": "", "homepage": "", "lat": 37.5606422, "lng": 126.9690479}, {"idx": 238, "category": "문화재", "name": "나석주열사 상", "location": "서울특별시 중구 을지로 66", "tel": "", "time": "", "homepage": "", "lat": 37.5653249, "lng": 126.9849538}, {"idx": 239, "category": "문화재", "name": "박웅진 시비", "location": "서울특별시 중구 을지로227", "tel": "", "time": "", "homepage": "", "lat": 37.5672983, "lng": 127.0037006}, {"idx": 240, "category": "문화재", "name": "유관순 상", "location": "서울특별시 중구 장충단로 101", "tel": "", "time": "", "homepage": "", "lat": 37.5557683, "lng": 127.0018475}, {"idx": 241, "category": "문화재", "name": "외솔 최현배선생 기념비", "location": "서울특별시 중구 장충동2가 산7-24", "tel": "", "time": "", "homepage": "", "lat": 37.5558795, "lng": 127.0028522}, {"idx": 242, "category": "문화재", "name": "춘강 박승희 기념비", "location": "서울특별시 중구 장충단로 59", "tel": "", "time": "", "homepage": "", "lat": 37.5528597, "lng": 126.9998129}, {"idx": 243, "category": "문화재", "name": "3ㆍ1독립운동 기념탑", "location": "서울특별시 중구 장충동2가 산14-81", "tel": "", "time": "", "homepage": "", "lat": 37.5528401, "lng": 127.0016489}, {"idx": 244, "category": "문화재", "name": "일성 이준열사 상", "location": "서울특별시 중구 동호로 257-10", "tel": "", "time": "", "homepage": "", "lat": 37.5583461, "lng": 127.0038674}, {"idx": 245, "category": "문화재", "name": "김용환지사 상", "location": "서울특별시 중구 장충단로 59 국립국장 입구?", "tel": "", "time": "", "homepage": "", "lat": 37.5525561, "lng": 126.9996092}, {"idx": 246, "category": "문화재", "name": "이한응선생 기념비", "location": "서울특별시 중구 동호로 257-10", "tel": "", "time": "", "homepage": "", "lat": 37.5583461, "lng": 127.0038674}, {"idx": 247, "category": "문화재", "name": "유정 사명대사 상", "location": "서울특별시 중구 동호로 256", "tel": "", "time": "", "homepage": "", "lat": 37.5592266, "lng": 127.005275}, {"idx": 248, "category": "문화재", "name": "만해 한용운 시비", "location": "서울특별시 중구 필동로1길 30 동국대학교", "tel": "", "time": "", "homepage": "", "lat": 37.558254, "lng": 127.00015}, {"idx": 249, "category": "문화재", "name": "한국 유림 독립운동파리장서비", "location": "서울특별시 중구 동호로 257-10", "tel": "", "time": "", "homepage": "", "lat": 37.5583461, "lng": 127.0038674}, {"idx": 250, "category": "문화재", "name": "성제 이시영선생 상", "location": "서울특별시 중구 회현동1가 100-115", "tel": "", "time": "", "homepage": "", "lat": 37.5548616, "lng": 126.9798918}, {"idx": 251, "category": "문화재", "name": "김유신장군 상", "location": "서울특별시 중구 남창동 204-2", "tel": "", "time": "", "homepage": "", "lat": 37.5556073, "lng": 126.9780708}, {"idx": 252, "category": "문화재", "name": "조지훈 시비", "location": "서울특별시 중구 남산공원길 507 남산공원 케이블카 부근", "tel": "", "time": "", "homepage": "", "lat": 37.5511694, "lng": 126.9882266}, {"idx": 253, "category": "문화재", "name": "백범 김구선생 상", "location": "서울특별시 중구 회현동1가 100-115", "tel": "", "time": "", "homepage": "", "lat": 37.5548616, "lng": 126.9798918}, {"idx": 254, "category": "문화재", "name": "안중근의사 상", "location": "서울특별시 중구 소월로 91", "tel": "", "time": "", "homepage": "", "lat": 37.55384069999999, "lng": 126.9805067}, {"idx": 255, "category": "문화재", "name": "일석 이희승선생 추모비", "location": "서울특별시 중구 퇴계로34길 28", "tel": "", "time": "", "homepage": "", "lat": 37.5588388, "lng": 126.9940727}, {"idx": 256, "category": "문화재", "name": "양성지 살던 곳", "location": "서울특별시 중구 충무로 42", "tel": "", "time": "", "homepage": "", "lat": 37.56482330000001, "lng": 126.9929859}, {"idx": 257, "category": "문화재", "name": "3·1운동기념터", "location": "서울특별시 중구 남대문로 39 일대", "tel": "", "time": "", "homepage": "", "lat": 37.5618592, "lng": 126.9799028}, {"idx": 258, "category": "문화재", "name": "가산 터", "location": "서울특별시 중구 을지로6가 18-214 일대", "tel": "", "time": "", "homepage": "", "lat": 37.5696462, "lng": 127.0095614}, {"idx": 259, "category": "문화재", "name": "부민관 폭파 의거 터", "location": "서울특별시 중구 세종대로 125", "tel": "", "time": "", "homepage": "", "lat": 37.5673573, "lng": 126.976467}, {"idx": 260, "category": "문화재", "name": "나석주의사 의거 기념터", "location": "서울특별시 중구 을지로 66", "tel": "", "time": "", "homepage": "", "lat": 37.5653249, "lng": 126.9849538}, {"idx": 261, "category": "문화재", "name": "김범우의 집 터", "location": "서울특별시 중구 을지로 66", "tel": "", "time": "", "homepage": "", "lat": 37.5653249, "lng": 126.9849538}, {"idx": 262, "category": "문화재", "name": "은성주점 터", "location": "서울특별시 중구 명동3길 2", "tel": "", "time": "", "homepage": "", "lat": 37.56377, "lng": 126.983526}, {"idx": 263, "category": "문화재", "name": "진고개", "location": "서울특별시 중구 명동8가길 32", "tel": "", "time": "", "homepage": "", "lat": 37.5616441, "lng": 126.986834}, {"idx": 264, "category": "문화재", "name": "구리개", "location": "서울특별시 중구 남대문로 90 일대", "tel": "", "time": "", "homepage": "", "lat": 37.56504779999999, "lng": 126.9829099}, {"idx": 265, "category": "문화재", "name": "조선광문회 터", "location": "서울특별시 중구 삼각동 7-1 일대", "tel": "", "time": "", "homepage": "", "lat": 37.5680845, "lng": 126.9855514}, {"idx": 266, "category": "문화재", "name": "강우규의사 항일의거 자리", "location": "서울특별시 중구 청파로 426", "tel": "", "time": "", "homepage": "", "lat": 37.5574069, "lng": 126.9694999}, {"idx": 267, "category": "문화재", "name": "통감부 터", "location": "서울특별시 중구 소파로 126", "tel": "", "time": "", "homepage": "", "lat": 37.5583238, "lng": 126.9879994}, {"idx": 268, "category": "문화재", "name": "김익상의사 의거 터", "location": "서울특별시 중구 소파로 126 일대", "tel": "", "time": "", "homepage": "", "lat": 37.5583238, "lng": 126.9879994}, {"idx": 269, "category": "문화재", "name": "풀무재", "location": "서울특별시 중구 퇴계로50길 13 일대", "tel": "", "time": "", "homepage": "", "lat": 37.5619668, "lng": 127.001346}, {"idx": 270, "category": "문화재", "name": "박팽년 집터", "location": "서울특별시 중구 퇴계로36길 10", "tel": "", "time": "", "homepage": "", "lat": 37.5601211, "lng": 126.9943973}, {"idx": 271, "category": "문화재", "name": "이벽의 집터", "location": "서울특별시 종로구 청계천로 105", "tel": "", "time": "", "homepage": "", "lat": 37.5684366, "lng": 126.9893082}, {"idx": 272, "category": "문화재", "name": "남지 터", "location": "서울특별시 중구 칠패로 46 일대", "tel": "", "time": "", "homepage": "", "lat": 37.5595015, "lng": 126.9740097}, {"idx": 273, "category": "문화재", "name": "칠패시장 터", "location": "서울특별시 중구 칠패로 36", "tel": "", "time": "", "homepage": "", "lat": 37.5593464, "lng": 126.9728608}, {"idx": 274, "category": "문화재", "name": "이덕형선생 집터", "location": "서울특별시 중구 퇴계로 18 일대", "tel": "", "time": "", "homepage": "", "lat": 37.5565311, "lng": 126.9752311}, {"idx": 275, "category": "문화재", "name": "태평관 터", "location": "서울특별시 중구 세종대로9길 41", "tel": "", "time": "", "homepage": "", "lat": 37.5613107, "lng": 126.9729685}, {"idx": 276, "category": "문화재", "name": "배제학당 터·남궁억 집터", "location": "서울특별시 중구 정동길 46 일대", "tel": "", "time": "", "homepage": "", "lat": 37.5654378, "lng": 126.972357}, {"idx": 277, "category": "문화재", "name": "관립법어 학교터", "location": "서울특별시 중구 정동길 18 일대", "tel": "", "time": "", "homepage": "", "lat": 37.5667799, "lng": 126.9700756}, {"idx": 278, "category": "문화재", "name": "어서각 터", "location": "서울특별시 중구 정동길 9", "tel": "", "time": "", "homepage": "", "lat": 37.5675146, "lng": 126.9702062}, {"idx": 279, "category": "문화재", "name": "동양극장 터", "location": "서울특별시 중구 새문안로 24 일대", "tel": "", "time": "", "homepage": "", "lat": 37.5673589, "lng": 126.9685727}, {"idx": 280, "category": "문화재", "name": "독립신문사 터", "location": "서울특별시 중구 서소문로11길 19", "tel": "", "time": "", "homepage": "", "lat": 37.5637438, "lng": 126.9723782}, {"idx": 281, "category": "문화재", "name": "명례궁 터", "location": "서울특별시 중구 세종대로21길 15 일대", "tel": "", "time": "", "homepage": "", "lat": 37.56700920000001, "lng": 126.9760289}, {"idx": 282, "category": "문화재", "name": "수렛골", "location": "서울특별시 중구 서소문로 89", "tel": "", "time": "", "homepage": "", "lat": 37.5625543, "lng": 126.9708122}, {"idx": 283, "category": "문화재", "name": "강희맹 집터", "location": "서울특별시 중구 순화동 216-2 일대?", "tel": "", "time": "", "homepage": "", "lat": 37.5597851, "lng": 126.9709861}, {"idx": 284, "category": "문화재", "name": "순청 터", "location": "서울특별시 중구 순화동 10 일대", "tel": "", "time": "", "homepage": "", "lat": 37.5606581, "lng": 126.9709775}, {"idx": 285, "category": "문화재", "name": "정미의병 발원터", "location": "서울특별시 중구 세종대로9길 42", "tel": "", "time": "", "homepage": "", "lat": 37.5616235, "lng": 126.9738154}, {"idx": 286, "category": "문화재", "name": "이충순 자결 터", "location": "서울특별시 중구 서소문로 88", "tel": "", "time": "", "homepage": "", "lat": 37.5615565, "lng": 126.9709855}, {"idx": 287, "category": "문화재", "name": "이재명의사 의거터", "location": "서울특별시 중구 명동길 74", "tel": "", "time": "", "homepage": "", "lat": 37.5632533, "lng": 126.9868325}, {"idx": 288, "category": "문화재", "name": "3.1운동 기념터 : 세브란스 병원", "location": "서울특별시 중구 통일로 10", "tel": "", "time": "", "homepage": "", "lat": 37.5570572, "lng": 126.9736211}, {"idx": 289, "category": "문화재", "name": "윤선도선생 집터", "location": "서울특별시 중구 명동길 73", "tel": "", "time": "", "homepage": "", "lat": 37.5642938, "lng": 126.9861857}, {"idx": 290, "category": "문화재", "name": "팔홍문 터", "location": "서울특별시 중구 순화동 207-1", "tel": "", "time": "", "homepage": "", "lat": 37.5596914, "lng": 126.971714}, {"idx": 291, "category": "문화재", "name": "서소문역 터", "location": "서울특별시 중구 의주로2가 일대", "tel": "", "time": "", "homepage": "", "lat": 37.5606743, "lng": 126.969415}, {"idx": 292, "category": "문화재", "name": "대한민국임시정부서울연통부지", "location": "서울특별시 중구 서소문로9길 14", "tel": "", "time": "", "homepage": "", "lat": 37.5631273, "lng": 126.9700889}, {"idx": 293, "category": "문화재", "name": "남별궁 터", "location": "서울특별시 중구 소공로 106", "tel": "", "time": "", "homepage": "", "lat": 37.5644064, "lng": 126.9796971}, {"idx": 294, "category": "문화재", "name": "예빈시 터", "location": "서울특별시 중구 세종대로 50 일대", "tel": "", "time": "", "homepage": "", "lat": 37.56088039999999, "lng": 126.9762308}, {"idx": 295, "category": "문화재", "name": "소덕문 터", "location": "서울특별시 중구 서소문로 100 일대", "tel": "", "time": "", "homepage": "", "lat": 37.562248, "lng": 126.9725821}, {"idx": 296, "category": "문화재", "name": "이황선생 집터", "location": "서울특별시 중구 덕수궁길 15", "tel": "", "time": "", "homepage": "", "lat": 37.5642629, "lng": 126.9746757}, {"idx": 297, "category": "문화재", "name": "시위병영 터", "location": "서울특별시 중구 서소문로 100 일대", "tel": "", "time": "", "homepage": "", "lat": 37.562248, "lng": 126.9725821}, {"idx": 298, "category": "문화재", "name": "저경궁 터", "location": "서울특별시 중구 남대문로 39", "tel": "", "time": "", "homepage": "", "lat": 37.5618592, "lng": 126.9799028}, {"idx": 299, "category": "문화재", "name": "선혜청 터", "location": "서울특별시 중구 소월로 3 일대", "tel": "", "time": "", "homepage": "", "lat": 37.5459131, "lng": 126.9889696}, {"idx": 300, "category": "문화재", "name": "상진집 터", "location": "서울특별시 중구 남대문로 26-2 일대", "tel": "", "time": "", "homepage": "", "lat": 37.5608661, "lng": 126.9786328}, {"idx": 301, "category": "문화재", "name": "영희전 터", "location": "서울특별시 중구 수표로 27", "tel": "", "time": "", "homepage": "", "lat": 37.56361709999999, "lng": 126.9896517}, {"idx": 302, "category": "문화재", "name": "동평관 터", "location": "서울특별시 중구 인현동2가 142-1 일대?", "tel": "", "time": "", "homepage": "", "lat": 37.5644479, "lng": 126.9969482}, {"idx": 303, "category": "문화재", "name": "하도감 터", "location": "서울특별시 중구 을지로 281", "tel": "", "time": "", "homepage": "", "lat": 37.5667521, "lng": 127.0101046}, {"idx": 304, "category": "문화재", "name": "훈련원 터", "location": "서울특별시 중구 을지로 245 일대", "tel": "", "time": "", "homepage": "", "lat": 37.5674232, "lng": 127.0059029}, {"idx": 305, "category": "문화재", "name": "국도극장 터", "location": "서울특별시 중구 을지로 164 국도주차장", "tel": "", "time": "", "homepage": "", "lat": 37.5660879, "lng": 126.9962474}, {"idx": 306, "category": "문화재", "name": "충무공 이순신 생가 터", "location": "서울특별시 중구 을지로18길 19", "tel": "", "time": "", "homepage": "", "lat": 37.565562, "lng": 126.9946592}, {"idx": 307, "category": "문화재", "name": "서학당 터", "location": "서울특별시 중구 세종대로21길 49 일대", "tel": "", "time": "", "homepage": "", "lat": 37.56865800000001, "lng": 126.9755866}, {"idx": 308, "category": "문화재", "name": "한성부 서부 관아터?", "location": "서울특별시 중구 세종대로 136", "tel": "", "time": "", "homepage": "", "lat": 37.5683731, "lng": 126.9782699}, {"idx": 309, "category": "문화재", "name": "군기시 터", "location": "서울특별시 중구 세종대로 124 일대", "tel": "", "time": "", "homepage": "", "lat": 37.5673811, "lng": 126.977859}, {"idx": 310, "category": "문화재", "name": "양향청 터", "location": "서울특별시 중구 삼일대로 340 일대", "tel": "", "time": "", "homepage": "", "lat": 37.5650049, "lng": 126.9882022}, {"idx": 311, "category": "문화재", "name": "제중원 터", "location": "서울특별시 중구 을지로 66", "tel": "", "time": "", "homepage": "", "lat": 37.5653249, "lng": 126.9849538}, {"idx": 312, "category": "문화재", "name": "장악원터", "location": "서울특별시 중구 을지로 66 일대", "tel": "", "time": "", "homepage": "", "lat": 37.565183, "lng": 126.984961}, {"idx": 313, "category": "문화재", "name": "도화서 터", "location": "서울특별시 중구 을지로 51 일대", "tel": "", "time": "", "homepage": "", "lat": 37.5664536, "lng": 126.9836673}, {"idx": 314, "category": "문화재", "name": "회동서관 터", "location": "서울특별시 중구 청계천로 54 일대", "tel": "", "time": "", "homepage": "", "lat": 37.5681956, "lng": 126.9834976}, {"idx": 315, "category": "문화재", "name": "혜민서 터", "location": "서울특별시 중구 을지로2가 88-6", "tel": "", "time": "", "homepage": "", "lat": 37.5663478, "lng": 126.9878184}, {"idx": 316, "category": "문화재", "name": "무교 터", "location": "서울특별시 중구 무교로 16 일대", "tel": "", "time": "", "homepage": "", "lat": 37.5673026, "lng": 126.9795116}, {"idx": 317, "category": "문화재", "name": "염초청  터", "location": "서울특별시 중구 방산동 4-24 일대", "tel": "", "time": "", "homepage": "", "lat": 37.5692967, "lng": 127.0017632}, {"idx": 318, "category": "문화재", "name": "한성부 남부 관아터", "location": "서울특별시 중구 남대문로 81 일대", "tel": "", "time": "", "homepage": "", "lat": 37.5649903, "lng": 126.981369}, {"idx": 319, "category": "문화재", "name": "노인정 터", "location": "서울특별시 중구 필동로6길 30", "tel": "", "time": "", "homepage": "", "lat": 37.5544074, "lng": 126.9951101}, {"idx": 320, "category": "문화재", "name": "주자소 터", "location": "서울특별시 중구 퇴계로 173 일대", "tel": "", "time": "", "homepage": "", "lat": 37.5617864, "lng": 126.9910438}, {"idx": 321, "category": "문화재", "name": "남학당 터", "location": "서울특별시 중구 퇴계로 188 일대", "tel": "", "time": "", "homepage": "", "lat": 37.5607964, "lng": 126.992541}, {"idx": 322, "category": "문화재", "name": "균역청 터", "location": "서울특별시 중구 퇴계로 173 일대", "tel": "", "time": "", "homepage": "", "lat": 37.5617864, "lng": 126.9910438}, {"idx": 323, "category": "문화재", "name": "장충단 터", "location": "서울특별시 중구 동호로 257-10", "tel": "", "time": "", "homepage": "", "lat": 37.5583461, "lng": 127.0038674}, {"idx": 324, "category": "문화재", "name": "쌍회정 터", "location": "서울특별시 중구 퇴계로6길 36", "tel": "", "time": "", "homepage": "", "lat": 37.5568216, "lng": 126.9787684}, {"idx": 325, "category": "문화재", "name": "정광필 집터", "location": "서울특별시 중구 소공로 51", "tel": "", "time": "", "homepage": "", "lat": 37.5594007, "lng": 126.9817325}, {"idx": 326, "category": "문화재", "name": "교서관 터", "location": "서울특별시 중구 퇴계로20길 56", "tel": "", "time": "", "homepage": "", "lat": 37.5576648, "lng": 126.986168}, {"idx": 327, "category": "문화재", "name": "남산사 터", "location": "서울특별시 중구 필동로6길 17", "tel": "", "time": "", "homepage": "", "lat": 37.554784, "lng": 126.9956381}, {"idx": 328, "category": "문화재", "name": "동악선생 시단", "location": "서울특별시 중구 필동로1길 30", "tel": "", "time": "", "homepage": "", "lat": 37.5585916, "lng": 126.9997567}, {"idx": 329, "category": "문화재", "name": "남산사 터", "location": "서울특별시 중구 필동로6길 17", "tel": "", "time": "", "homepage": "", "lat": 37.554784, "lng": 126.9956381}, {"idx": 330, "category": "문화재", "name": "동악선생 시단", "location": "서울특별시 중구 필동로1길 30", "tel": "", "time": "", "homepage": "", "lat": 37.5585916, "lng": 126.9997567}, {"idx": 331, "category": "문화재", "name": "남소문 터", "location": "서울특별시 중구 장충동2가 산5-21 일대", "tel": "", "time": "", "homepage": "", "lat": 37.5500284, "lng": 126.9997942}, {"idx": 332, "category": "문화재", "name": "국사당 터", "location": "서울특별시 중구 예장동 8-1", "tel": "", "time": "", "homepage": "", "lat": 37.5517428, "lng": 126.9875995}, {"idx": 333, "category": "문화재", "name": "목멱산 봉수대 터", "location": "서울특별시 중구 예장동 8-1", "tel": "", "time": "", "homepage": "", "lat": 37.5517428, "lng": 126.9875995}, {"idx": 334, "category": "문화재", "name": "조택원 춤비", "location": "서울특별시 중구 장충단로 59", "tel": "", "time": "", "homepage": "", "lat": 37.5528597, "lng": 126.9998129}, {"idx": 335, "category": "문화재", "name": "유성룡 집터", "location": "서울특별시 중구 퇴계로 228", "tel": "", "time": "", "homepage": "", "lat": 37.5616483, "lng": 126.9971419}, {"idx": 336, "category": "문화재", "name": "읍백당 터", "location": "서울특별시 중구 퇴계로26가길 6 일대", "tel": "", "time": "", "homepage": "", "lat": 37.5590495, "lng": 126.9902522}, {"idx": 337, "category": "문화재", "name": "손탁호텔 터", "location": "서울특별시 중구 정동길 26 일대", "tel": "", "time": "", "homepage": "", "lat": 37.5659958, "lng": 126.9710704}, {"idx": 338, "category": "문화재", "name": "이문 터", "location": "서울특별시 중구 세종대로 55", "tel": "", "time": "", "homepage": "", "lat": 37.5616036, "lng": 126.9749464}, {"idx": 339, "category": "문화재", "name": "전환국 터", "location": "서울특별시 중구 세종대로 55", "tel": "", "time": "", "homepage": "", "lat": 37.5616036, "lng": 126.9749464}]